BSS Id,Receiver address,Type/Subtype,PHY type,MCS Index,Bandwidth,Short GI,Data rate,Channel,Frequency,Signal strength,Signal/noise ratio,Retry,TSF Timestamp
c0:9f:51:69:83:55,ff:ff:ff:ff:ff:ff,Type/Subtype: Beacon frame (0x0008),PHY type: 802.11a (OFDM) (5),N/A,80 MHz,Supported,6.0 Mbps,11,5180,-71 dBm,24 dB,0,1134666854470
0c:67:14:92:8c:44,ff:ff:ff:ff:ff:ff,Type/Subtype: Beacon frame (0x0008),PHY type: 802.11a (OFDM) (5),N/A,80 MHz,Supported,6.0 Mbps,11,5180,-49 dBm,46 dB,0,3142080204884
78:4f:24:76:49:25,ff:ff:ff:ff:ff:ff,Type/Subtype: Beacon frame (0x0008),PHY type: 802.11a (OFDM) (5),N/A,80 MHz,Not supported,6.0 Mbps,122,5180,-83 dBm,12 dB,0,505648742487
7a:4f:24:46:49:25,ff:ff:ff:ff:ff:ff,Type/Subtype: Beacon frame (0x0008),PHY type: 802.11a (OFDM) (5),N/A,80 MHz,Not supported,6.0 Mbps,122,5180,-83 dBm,12 dB,0,505648742476
c4:e5:32:56:58:25,c4:e5:32:56:58:25,Type/Subtype: Action No Ack (0x000e),PHY type: 802.11ac (VHT) (8),0 (BPSK 1/2),40 MHz,False,13.5 Mbps,40 MHz (0x1),5180,-88 dBm,7 dB,0,3217661179
e0:b6:68:16:82:38,ff:ff:ff:ff:ff:ff,Type/Subtype: Beacon frame (0x0008),PHY type: 802.11a (OFDM) (5),N/A,80 MHz,Not supported,6.0 Mbps,3,5180,-88 dBm,7 dB,0,1378415411274
66:97:41:89:7a:20,ff:ff:ff:ff:ff:ff,Type/Subtype: Beacon frame (0x0008),PHY type: 802.11a (OFDM) (5),N/A,80 MHz,Not supported,6.0 Mbps,DS Parameter set: Current Channel: 36,5180,-88 dBm,7 dB,0,886083608584
66:97:41:89:7a:20,ff:ff:ff:ff:ff:ff,Type/Subtype: Data (0x0020),PHY type: 802.11a (OFDM) (5),N/A,N/A,False,6.0 Mbps,36,5180,-88 dBm,7 dB,0,3217694925
ca:84:cf:b5:66:00,ff:ff:ff:ff:ff:ff,Type/Subtype: Beacon frame (0x0008),PHY type: 802.11a (OFDM) (5),N/A,80 MHz,Supported,6.0 Mbps,11,5180,-91 dBm,4 dB,0,1173778329645
c0:9f:51:69:83:55,ff:ff:ff:ff:ff:ff,Type/Subtype: Beacon frame (0x0008),PHY type: 802.11a (OFDM) (5),N/A,80 MHz,Supported,6.0 Mbps,11,5180,-71 dBm,24 dB,0,1134666956993
0c:67:14:92:8c:44,ff:ff:ff:ff:ff:ff,Type/Subtype: Beacon frame (0x0008),PHY type: 802.11a (OFDM) (5),N/A,80 MHz,Supported,6.0 Mbps,11,5180,-49 dBm,46 dB,0,3142080307272
78:4f:24:76:49:25,ff:ff:ff:ff:ff:ff,Type/Subtype: Beacon frame (0x0008),PHY type: 802.11a (OFDM) (5),N/A,80 MHz,Not supported,6.0 Mbps,122,5180,-83 dBm,12 dB,0,505648844876
7a:4f:24:46:49:25,ff:ff:ff:ff:ff:ff,Type/Subtype: Beacon frame (0x0008),PHY type: 802.11a (OFDM) (5),N/A,80 MHz,Not supported,6.0 Mbps,122,5180,-83 dBm,12 dB,0,505648844868
c4:e5:32:56:58:25,c4:e5:32:56:58:25,Type/Subtype: Action No Ack (0x000e),PHY type: 802.11ac (VHT) (8),0 (BPSK 1/2),40 MHz,False,13.5 Mbps,40 MHz (0x1),5180,-88 dBm,7 dB,0,3217761194
e0:b6:68:16:82:38,ff:ff:ff:ff:ff:ff,Type/Subtype: Beacon frame (0x0008),PHY type: 802.11a (OFDM) (5),N/A,80 MHz,Not supported,6.0 Mbps,3,5180,-89 dBm,6 dB,0,1378415513685
N/A,a6:9e:ff:39:99:67,Type/Subtype: Acknowledgement (0x001d),PHY type: 802.11a (OFDM) (5),N/A,N/A,False,6.0 Mbps,36,5180,-88 dBm,7 dB,0,3217793462
66:97:41:89:7a:20,ff:ff:ff:ff:ff:ff,Type/Subtype: Beacon frame (0x0008),PHY type: 802.11a (OFDM) (5),N/A,80 MHz,Not supported,6.0 Mbps,DS Parameter set: Current Channel: 36,5180,-88 dBm,7 dB,0,886083710984
c0:9f:51:69:83:55,ff:ff:ff:ff:ff:ff,Type/Subtype: Beacon frame (0x0008),PHY type: 802.11a (OFDM) (5),N/A,80 MHz,Supported,6.0 Mbps,11,5180,-72 dBm,23 dB,0,1134667059276
0c:67:14:92:8c:44,ff:ff:ff:ff:ff:ff,Type/Subtype: Beacon frame (0x0008),PHY type: 802.11a (OFDM) (5),N/A,80 MHz,Supported,6.0 Mbps,11,5180,-49 dBm,46 dB,0,3142080409672
78:4f:24:76:49:25,ff:ff:ff:ff:ff:ff,Type/Subtype: Beacon frame (0x0008),PHY type: 802.11a (OFDM) (5),N/A,80 MHz,Not supported,6.0 Mbps,122,5180,-84 dBm,11 dB,0,505648947280
7a:4f:24:46:49:25,ff:ff:ff:ff:ff:ff,Type/Subtype: Beacon frame (0x0008),PHY type: 802.11a (OFDM) (5),N/A,80 MHz,Not supported,6.0 Mbps,122,5180,-84 dBm,11 dB,0,505648947276
c4:e5:32:56:58:25,c4:e5:32:56:58:25,Type/Subtype: Action No Ack (0x000e),PHY type: 802.11ac (VHT) (8),0 (BPSK 1/2),40 MHz,False,13.5 Mbps,40 MHz (0x1),5180,-88 dBm,7 dB,0,3217861202
e0:b6:68:16:82:38,ff:ff:ff:ff:ff:ff,Type/Subtype: Beacon frame (0x0008),PHY type: 802.11a (OFDM) (5),N/A,80 MHz,Not supported,6.0 Mbps,3,5180,-89 dBm,6 dB,0,1378415616096
66:97:41:89:7a:20,ff:ff:ff:ff:ff:ff,Type/Subtype: Beacon frame (0x0008),PHY type: 802.11a (OFDM) (5),N/A,80 MHz,Not supported,6.0 Mbps,DS Parameter set: Current Channel: 36,5180,-88 dBm,7 dB,0,886083813386
c0:9f:51:69:83:55,ff:ff:ff:ff:ff:ff,Type/Subtype: Beacon frame (0x0008),PHY type: 802.11a (OFDM) (5),N/A,80 MHz,Supported,6.0 Mbps,11,5180,-71 dBm,24 dB,0,1134667161686
0c:67:14:92:8c:44,ff:ff:ff:ff:ff:ff,Type/Subtype: Beacon frame (0x0008),PHY type: 802.11a (OFDM) (5),N/A,80 MHz,Supported,6.0 Mbps,11,5180,-49 dBm,46 dB,0,3142080512072
78:4f:24:76:49:25,ff:ff:ff:ff:ff:ff,Type/Subtype: Beacon frame (0x0008),PHY type: 802.11a (OFDM) (5),N/A,80 MHz,Not supported,6.0 Mbps,122,5180,-84 dBm,11 dB,0,505649049694
7a:4f:24:46:49:25,ff:ff:ff:ff:ff:ff,Type/Subtype: Beacon frame (0x0008),PHY type: 802.11a (OFDM) (5),N/A,80 MHz,Not supported,6.0 Mbps,122,5180,-84 dBm,11 dB,0,505649049691
c4:e5:32:56:58:25,c4:e5:32:56:58:25,Type/Subtype: Action No Ack (0x000e),PHY type: 802.11ac (VHT) (8),0 (BPSK 1/2),40 MHz,False,13.5 Mbps,40 MHz (0x1),5180,-87 dBm,8 dB,0,3217961229
e0:b6:68:16:82:38,ff:ff:ff:ff:ff:ff,Type/Subtype: Beacon frame (0x0008),PHY type: 802.11a (OFDM) (5),N/A,80 MHz,Not supported,6.0 Mbps,3,5180,-89 dBm,6 dB,0,1378415718479
66:97:41:89:7a:20,ff:ff:ff:ff:ff:ff,Type/Subtype: Beacon frame (0x0008),PHY type: 802.11a (OFDM) (5),N/A,80 MHz,Not supported,6.0 Mbps,DS Parameter set: Current Channel: 36,5180,-87 dBm,8 dB,0,886083915787
ca:84:cf:b5:66:00,ff:ff:ff:ff:ff:ff,Type/Subtype: Beacon frame (0x0008),PHY type: 802.11a (OFDM) (5),N/A,80 MHz,Supported,6.0 Mbps,11,5180,-91 dBm,4 dB,0,1173778636872
c0:9f:51:69:83:55,ff:ff:ff:ff:ff:ff,Type/Subtype: Beacon frame (0x0008),PHY type: 802.11a (OFDM) (5),N/A,80 MHz,Supported,6.0 Mbps,11,5180,-71 dBm,24 dB,0,1134667264085
0c:67:14:92:8c:44,ff:ff:ff:ff:ff:ff,Type/Subtype: Beacon frame (0x0008),PHY type: 802.11a (OFDM) (5),N/A,80 MHz,Supported,6.0 Mbps,11,5180,-49 dBm,46 dB,0,3142080614462
78:4f:24:76:49:25,ff:ff:ff:ff:ff:ff,Type/Subtype: Beacon frame (0x0008),PHY type: 802.11a (OFDM) (5),N/A,80 MHz,Not supported,6.0 Mbps,122,5180,-84 dBm,11 dB,0,505649152075
c4:e5:32:56:58:25,c4:e5:32:56:58:25,Type/Subtype: Action No Ack (0x000e),PHY type: 802.11ac (VHT) (8),0 (BPSK 1/2),40 MHz,False,13.5 Mbps,40 MHz (0x1),5180,-88 dBm,7 dB,0,3218061230
7a:4f:24:46:49:25,ff:ff:ff:ff:ff:ff,Type/Subtype: Beacon frame (0x0008),PHY type: 802.11a (OFDM) (5),N/A,80 MHz,Not supported,6.0 Mbps,122,5180,-83 dBm,12 dB,0,505649152096
e0:b6:68:16:82:38,ff:ff:ff:ff:ff:ff,Type/Subtype: Beacon frame (0x0008),PHY type: 802.11a (OFDM) (5),N/A,80 MHz,Not supported,6.0 Mbps,3,5180,-88 dBm,7 dB,0,1378415820868
66:97:41:89:7a:20,ff:ff:ff:ff:ff:ff,Type/Subtype: Beacon frame (0x0008),PHY type: 802.11a (OFDM) (5),N/A,80 MHz,Not supported,6.0 Mbps,DS Parameter set: Current Channel: 36,5180,-87 dBm,8 dB,0,886084018184
c0:9f:51:69:83:55,ff:ff:ff:ff:ff:ff,Type/Subtype: Beacon frame (0x0008),PHY type: 802.11a (OFDM) (5),N/A,80 MHz,Supported,6.0 Mbps,11,5180,-71 dBm,24 dB,0,1134667366460
0c:67:14:92:8c:44,ff:ff:ff:ff:ff:ff,Type/Subtype: Beacon frame (0x0008),PHY type: 802.11a (OFDM) (5),N/A,80 MHz,Supported,6.0 Mbps,11,5180,-49 dBm,46 dB,0,3142080716882
78:4f:24:76:49:25,ff:ff:ff:ff:ff:ff,Type/Subtype: Beacon frame (0x0008),PHY type: 802.11a (OFDM) (5),N/A,80 MHz,Not supported,6.0 Mbps,122,5180,-83 dBm,12 dB,0,505649254498
c4:e5:32:56:58:25,c4:e5:32:56:58:25,Type/Subtype: Action No Ack (0x000e),PHY type: 802.11ac (VHT) (8),0 (BPSK 1/2),40 MHz,False,13.5 Mbps,40 MHz (0x1),5180,-87 dBm,8 dB,0,3218161216
7a:4f:24:46:49:25,ff:ff:ff:ff:ff:ff,Type/Subtype: Beacon frame (0x0008),PHY type: 802.11a (OFDM) (5),N/A,80 MHz,Not supported,6.0 Mbps,122,5180,-84 dBm,11 dB,0,505649254496
e0:b6:68:16:82:38,ff:ff:ff:ff:ff:ff,Type/Subtype: Beacon frame (0x0008),PHY type: 802.11a (OFDM) (5),N/A,80 MHz,Not supported,6.0 Mbps,3,5180,-89 dBm,6 dB,0,1378415923272
66:97:41:89:7a:20,ff:ff:ff:ff:ff:ff,Type/Subtype: Beacon frame (0x0008),PHY type: 802.11a (OFDM) (5),N/A,80 MHz,Not supported,6.0 Mbps,DS Parameter set: Current Channel: 36,5180,-87 dBm,8 dB,0,886084120588
ca:84:cf:b5:66:00,ff:ff:ff:ff:ff:ff,Type/Subtype: Beacon frame (0x0008),PHY type: 802.11a (OFDM) (5),N/A,80 MHz,Supported,6.0 Mbps,11,5180,-91 dBm,4 dB,0,1173778841681
c0:9f:51:69:83:55,ff:ff:ff:ff:ff:ff,Type/Subtype: Beacon frame (0x0008),PHY type: 802.11a (OFDM) (5),N/A,80 MHz,Supported,6.0 Mbps,11,5180,-71 dBm,24 dB,0,1134667468873
0c:67:14:92:8c:44,ff:ff:ff:ff:ff:ff,Type/Subtype: Beacon frame (0x0008),PHY type: 802.11a (OFDM) (5),N/A,80 MHz,Supported,6.0 Mbps,11,5180,-49 dBm,46 dB,0,3142080819286
78:4f:24:76:49:25,ff:ff:ff:ff:ff:ff,Type/Subtype: Beacon frame (0x0008),PHY type: 802.11a (OFDM) (5),N/A,80 MHz,Not supported,6.0 Mbps,122,5180,-84 dBm,11 dB,0,505649356872
74:06:35:88:7b:24,ff:ff:ff:ff:ff:ff,Type/Subtype: Beacon frame (0x0008),PHY type: 802.11a (OFDM) (5),N/A,80 MHz,Supported,6.0 Mbps,11,5180,-91 dBm,4 dB,0,3142089625665
c4:e5:32:56:58:25,c4:e5:32:56:58:25,Type/Subtype: Action No Ack (0x000e),PHY type: 802.11ac (VHT) (8),0 (BPSK 1/2),40 MHz,False,13.5 Mbps,40 MHz (0x1),5180,-87 dBm,8 dB,0,3218261285
7a:4f:24:46:49:25,ff:ff:ff:ff:ff:ff,Type/Subtype: Beacon frame (0x0008),PHY type: 802.11a (OFDM) (5),N/A,80 MHz,Not supported,6.0 Mbps,122,5180,-84 dBm,11 dB,0,505649356878
e0:b6:68:16:82:38,ff:ff:ff:ff:ff:ff,Type/Subtype: Beacon frame (0x0008),PHY type: 802.11a (OFDM) (5),N/A,80 MHz,Not supported,6.0 Mbps,3,5180,-89 dBm,6 dB,0,1378416025674
66:97:41:89:7a:20,ff:ff:ff:ff:ff:ff,Type/Subtype: Beacon frame (0x0008),PHY type: 802.11a (OFDM) (5),N/A,80 MHz,Not supported,6.0 Mbps,DS Parameter set: Current Channel: 36,5180,-87 dBm,8 dB,0,886084222979
ca:84:cf:b5:66:00,ff:ff:ff:ff:ff:ff,Type/Subtype: Beacon frame (0x0008),PHY type: 802.11a (OFDM) (5),N/A,80 MHz,Supported,6.0 Mbps,11,5180,-91 dBm,4 dB,0,1173778944036
c0:9f:51:69:83:55,ff:ff:ff:ff:ff:ff,Type/Subtype: Beacon frame (0x0008),PHY type: 802.11a (OFDM) (5),N/A,80 MHz,Supported,6.0 Mbps,11,5180,-71 dBm,24 dB,0,1134667571260
0c:67:14:92:8c:44,ff:ff:ff:ff:ff:ff,Type/Subtype: Beacon frame (0x0008),PHY type: 802.11a (OFDM) (5),N/A,80 MHz,Supported,6.0 Mbps,11,5180,-49 dBm,46 dB,0,3142080921681
78:4f:24:76:49:25,ff:ff:ff:ff:ff:ff,Type/Subtype: Beacon frame (0x0008),PHY type: 802.11a (OFDM) (5),N/A,80 MHz,Not supported,6.0 Mbps,122,5180,-84 dBm,11 dB,0,505649459272
74:06:35:88:7b:24,ff:ff:ff:ff:ff:ff,Type/Subtype: Beacon frame (0x0008),PHY type: 802.11a (OFDM) (5),N/A,80 MHz,Supported,6.0 Mbps,11,5180,-91 dBm,4 dB,0,3142089728116
c4:e5:32:56:58:25,c4:e5:32:56:58:25,Type/Subtype: Action No Ack (0x000e),PHY type: 802.11ac (VHT) (8),0 (BPSK 1/2),40 MHz,False,13.5 Mbps,40 MHz (0x1),5180,-88 dBm,7 dB,0,3218361234
7a:4f:24:46:49:25,ff:ff:ff:ff:ff:ff,Type/Subtype: Beacon frame (0x0008),PHY type: 802.11a (OFDM) (5),N/A,80 MHz,Not supported,6.0 Mbps,122,5180,-84 dBm,11 dB,0,505649459266
e0:b6:68:16:82:38,ff:ff:ff:ff:ff:ff,Type/Subtype: Beacon frame (0x0008),PHY type: 802.11a (OFDM) (5),N/A,80 MHz,Not supported,6.0 Mbps,3,5180,-88 dBm,7 dB,0,1378416128085
66:97:41:89:7a:20,ff:ff:ff:ff:ff:ff,Type/Subtype: Beacon frame (0x0008),PHY type: 802.11a (OFDM) (5),N/A,80 MHz,Not supported,6.0 Mbps,DS Parameter set: Current Channel: 36,5180,-87 dBm,8 dB,0,886084325381
c0:9f:51:69:83:55,ff:ff:ff:ff:ff:ff,Type/Subtype: Beacon frame (0x0008),PHY type: 802.11a (OFDM) (5),N/A,80 MHz,Supported,6.0 Mbps,11,5180,-71 dBm,24 dB,0,1134667673669
0c:67:14:92:8c:44,ff:ff:ff:ff:ff:ff,Type/Subtype: Beacon frame (0x0008),PHY type: 802.11a (OFDM) (5),N/A,80 MHz,Supported,6.0 Mbps,11,5180,-49 dBm,46 dB,0,3142081024082
78:4f:24:76:49:25,ff:ff:ff:ff:ff:ff,Type/Subtype: Beacon frame (0x0008),PHY type: 802.11a (OFDM) (5),N/A,80 MHz,Not supported,6.0 Mbps,122,5180,-83 dBm,12 dB,0,505649561682
74:06:35:88:7b:24,ff:ff:ff:ff:ff:ff,Type/Subtype: Beacon frame (0x0008),PHY type: 802.11a (OFDM) (5),N/A,80 MHz,Supported,6.0 Mbps,11,5180,-92 dBm,3 dB,0,3142089830459
c4:e5:32:56:58:25,c4:e5:32:56:58:25,Type/Subtype: Action No Ack (0x000e),PHY type: 802.11ac (VHT) (8),0 (BPSK 1/2),40 MHz,False,13.5 Mbps,40 MHz (0x1),5180,-87 dBm,8 dB,0,3218461261
7a:4f:24:46:49:25,ff:ff:ff:ff:ff:ff,Type/Subtype: Beacon frame (0x0008),PHY type: 802.11a (OFDM) (5),N/A,80 MHz,Not supported,6.0 Mbps,122,5180,-83 dBm,12 dB,0,505649561685
e0:b6:68:16:82:38,ff:ff:ff:ff:ff:ff,Type/Subtype: Beacon frame (0x0008),PHY type: 802.11a (OFDM) (5),N/A,80 MHz,Not supported,6.0 Mbps,3,5180,-88 dBm,7 dB,0,1378416230473
66:97:41:89:7a:20,ff:ff:ff:ff:ff:ff,Type/Subtype: Beacon frame (0x0008),PHY type: 802.11a (OFDM) (5),N/A,80 MHz,Not supported,6.0 Mbps,DS Parameter set: Current Channel: 36,5180,-87 dBm,8 dB,0,886084427786
ca:84:cf:b5:66:00,ff:ff:ff:ff:ff:ff,Type/Subtype: Beacon frame (0x0008),PHY type: 802.11a (OFDM) (5),N/A,80 MHz,Supported,6.0 Mbps,11,5180,-91 dBm,4 dB,0,1173779148899
c0:9f:51:69:83:55,ff:ff:ff:ff:ff:ff,Type/Subtype: Beacon frame (0x0008),PHY type: 802.11a (OFDM) (5),N/A,80 MHz,Supported,6.0 Mbps,11,5180,-71 dBm,24 dB,0,1134667776060
0c:67:14:92:8c:44,ff:ff:ff:ff:ff:ff,Type/Subtype: Beacon frame (0x0008),PHY type: 802.11a (OFDM) (5),N/A,80 MHz,Supported,6.0 Mbps,11,5180,-49 dBm,46 dB,0,3142081126472
78:4f:24:76:49:25,ff:ff:ff:ff:ff:ff,Type/Subtype: Beacon frame (0x0008),PHY type: 802.11a (OFDM) (5),N/A,80 MHz,Not supported,6.0 Mbps,122,5180,-83 dBm,12 dB,0,505649664082
74:06:35:88:7b:24,ff:ff:ff:ff:ff:ff,Type/Subtype: Beacon frame (0x0008),PHY type: 802.11a (OFDM) (5),N/A,80 MHz,Supported,6.0 Mbps,11,5180,-91 dBm,4 dB,0,3142089932880
c4:e5:32:56:58:25,c4:e5:32:56:58:25,Type/Subtype: Action No Ack (0x000e),PHY type: 802.11ac (VHT) (8),0 (BPSK 1/2),40 MHz,False,13.5 Mbps,40 MHz (0x1),5180,-87 dBm,8 dB,0,3218561262
7a:4f:24:46:49:25,ff:ff:ff:ff:ff:ff,Type/Subtype: Beacon frame (0x0008),PHY type: 802.11a (OFDM) (5),N/A,80 MHz,Not supported,6.0 Mbps,122,5180,-83 dBm,12 dB,0,505649664090
e0:b6:68:16:82:38,ff:ff:ff:ff:ff:ff,Type/Subtype: Beacon frame (0x0008),PHY type: 802.11a (OFDM) (5),N/A,80 MHz,Not supported,6.0 Mbps,3,5180,-88 dBm,7 dB,0,1378416332889
66:97:41:89:7a:20,ff:ff:ff:ff:ff:ff,Type/Subtype: Beacon frame (0x0008),PHY type: 802.11a (OFDM) (5),N/A,80 MHz,Not supported,6.0 Mbps,DS Parameter set: Current Channel: 36,5180,-88 dBm,7 dB,0,886084530183
ca:84:cf:b5:66:00,ff:ff:ff:ff:ff:ff,Type/Subtype: Beacon frame (0x0008),PHY type: 802.11a (OFDM) (5),N/A,80 MHz,Supported,6.0 Mbps,11,5180,-91 dBm,4 dB,0,1173779251290
c0:9f:51:69:83:55,ff:ff:ff:ff:ff:ff,Type/Subtype: Beacon frame (0x0008),PHY type: 802.11a (OFDM) (5),N/A,80 MHz,Supported,6.0 Mbps,11,5180,-70 dBm,25 dB,0,1134667878484
0c:67:14:92:8c:44,ff:ff:ff:ff:ff:ff,Type/Subtype: Beacon frame (0x0008),PHY type: 802.11a (OFDM) (5),N/A,80 MHz,Supported,6.0 Mbps,11,5180,-49 dBm,46 dB,0,3142081228860
N/A,a6:9e:ff:39:99:67,Type/Subtype: 802.11 Block Ack (0x0019),PHY type: 802.11a (OFDM) (5),N/A,N/A,False,24.0 Mbps,36,5180,-88 dBm,7 dB,0,3218649263
N/A,c4:e5:32:56:58:25,Type/Subtype: Request-to-send (0x001b),PHY type: 802.11a (OFDM) (5),N/A,N/A,False,6.0 Mbps,36,5180,-89 dBm,6 dB,0,3218650837
N/A,a6:9e:ff:39:99:67,Type/Subtype: Acknowledgement (0x001d),PHY type: 802.11a (OFDM) (5),N/A,N/A,False,6.0 Mbps,36,5180,-88 dBm,7 dB,0,3218653180
78:4f:24:76:49:25,ff:ff:ff:ff:ff:ff,Type/Subtype: Beacon frame (0x0008),PHY type: 802.11a (OFDM) (5),N/A,80 MHz,Not supported,6.0 Mbps,122,5180,-83 dBm,12 dB,0,505649766464
7a:4f:24:46:49:25,ff:ff:ff:ff:ff:ff,Type/Subtype: Beacon frame (0x0008),PHY type: 802.11a (OFDM) (5),N/A,80 MHz,Not supported,6.0 Mbps,122,5180,-83 dBm,12 dB,0,505649766472
e0:b6:68:16:82:38,ff:ff:ff:ff:ff:ff,Type/Subtype: Beacon frame (0x0008),PHY type: 802.11a (OFDM) (5),N/A,80 MHz,Not supported,6.0 Mbps,3,5180,-88 dBm,7 dB,0,1378416435277
66:97:41:89:7a:20,ff:ff:ff:ff:ff:ff,Type/Subtype: Beacon frame (0x0008),PHY type: 802.11a (OFDM) (5),N/A,80 MHz,Not supported,6.0 Mbps,DS Parameter set: Current Channel: 36,5180,-87 dBm,8 dB,0,886084632579
ca:84:cf:b5:66:00,ff:ff:ff:ff:ff:ff,Type/Subtype: Beacon frame (0x0008),PHY type: 802.11a (OFDM) (5),N/A,80 MHz,Supported,6.0 Mbps,11,5180,-91 dBm,4 dB,0,1173779353699
c0:9f:51:69:83:55,ff:ff:ff:ff:ff:ff,Type/Subtype: Beacon frame (0x0008),PHY type: 802.11a (OFDM) (5),N/A,80 MHz,Supported,6.0 Mbps,11,5180,-70 dBm,25 dB,0,1134667980873
0c:67:14:92:8c:44,ff:ff:ff:ff:ff:ff,Type/Subtype: Beacon frame (0x0008),PHY type: 802.11a (OFDM) (5),N/A,80 MHz,Supported,6.0 Mbps,11,5180,-49 dBm,46 dB,0,3142081331285
c4:e5:32:56:58:25,c4:e5:32:56:58:25,Type/Subtype: Action No Ack (0x000e),PHY type: 802.11ac (VHT) (8),0 (BPSK 1/2),40 MHz,False,13.5 Mbps,40 MHz (0x1),5180,-88 dBm,7 dB,0,3218761269
78:4f:24:76:49:25,ff:ff:ff:ff:ff:ff,Type/Subtype: Beacon frame (0x0008),PHY type: 802.11a (OFDM) (5),N/A,80 MHz,Not supported,6.0 Mbps,122,5180,-83 dBm,12 dB,0,505649868878
74:06:35:88:7b:24,ff:ff:ff:ff:ff:ff,Type/Subtype: Beacon frame (0x0008),PHY type: 802.11a (OFDM) (5),N/A,80 MHz,Supported,6.0 Mbps,11,5180,-91 dBm,4 dB,0,3142090137670
7a:4f:24:46:49:25,ff:ff:ff:ff:ff:ff,Type/Subtype: Beacon frame (0x0008),PHY type: 802.11a (OFDM) (5),N/A,80 MHz,Not supported,6.0 Mbps,122,5180,-83 dBm,12 dB,0,505649868891
N/A,c4:e5:32:56:58:25,Type/Subtype: Request-to-send (0x001b),PHY type: 802.11a (OFDM) (5),N/A,N/A,False,6.0 Mbps,36,5180,-89 dBm,6 dB,0,3218796641
N/A,c4:e5:32:56:58:25,Type/Subtype: 802.11 Block Ack (0x0019),PHY type: 802.11a (OFDM) (5),N/A,N/A,False,24.0 Mbps,36,5180,-88 dBm,7 dB,0,3218797570
e0:b6:68:16:82:38,ff:ff:ff:ff:ff:ff,Type/Subtype: Beacon frame (0x0008),PHY type: 802.11a (OFDM) (5),N/A,80 MHz,Not supported,6.0 Mbps,3,5180,-89 dBm,6 dB,0,1378416537680
66:97:41:89:7a:20,ff:ff:ff:ff:ff:ff,Type/Subtype: Beacon frame (0x0008),PHY type: 802.11a (OFDM) (5),N/A,80 MHz,Not supported,6.0 Mbps,DS Parameter set: Current Channel: 36,5180,-87 dBm,8 dB,0,886084734982
N/A,a6:9e:ff:39:99:67,Type/Subtype: 802.11 Block Ack (0x0019),PHY type: 802.11a (OFDM) (5),N/A,N/A,False,24.0 Mbps,36,5180,-87 dBm,8 dB,0,3218821831
N/A,c4:e5:32:56:58:25,Type/Subtype: Request-to-send (0x001b),PHY type: 802.11a (OFDM) (5),N/A,N/A,False,6.0 Mbps,36,5180,-89 dBm,6 dB,0,3218823441
c0:9f:51:69:83:55,ff:ff:ff:ff:ff:ff,Type/Subtype: Beacon frame (0x0008),PHY type: 802.11a (OFDM) (5),N/A,80 MHz,Supported,6.0 Mbps,11,5180,-70 dBm,25 dB,0,1134668083264
0c:67:14:92:8c:44,ff:ff:ff:ff:ff:ff,Type/Subtype: Beacon frame (0x0008),PHY type: 802.11a (OFDM) (5),N/A,80 MHz,Supported,6.0 Mbps,11,5180,-49 dBm,46 dB,0,3142081433685
N/A,a6:9e:ff:39:99:67,Type/Subtype: Acknowledgement (0x001d),PHY type: 802.11a (OFDM) (5),N/A,N/A,False,6.0 Mbps,36,5180,-87 dBm,8 dB,0,3218855644
N/A,c4:e5:32:56:58:25,Type/Subtype: VHT/HE/EHT/RANGING NDP Announcement (0x0015),PHY type: 802.11a (OFDM) (5),N/A,N/A,False,6.0 Mbps,36,5180,-87 dBm,8 dB,0,3218857439
c4:e5:32:56:58:25,c4:e5:32:56:58:25,Type/Subtype: Action No Ack (0x000e),PHY type: 802.11ac (VHT) (8),0 (BPSK 1/2),40 MHz,False,13.5 Mbps,40 MHz (0x1),5180,-87 dBm,8 dB,0,3218861093
74:06:35:88:7b:24,ff:ff:ff:ff:ff:ff,Type/Subtype: Beacon frame (0x0008),PHY type: 802.11a (OFDM) (5),N/A,80 MHz,Supported,6.0 Mbps,11,5180,-91 dBm,4 dB,0,3142090240066
78:4f:24:76:49:25,ff:ff:ff:ff:ff:ff,Type/Subtype: Beacon frame (0x0008),PHY type: 802.11a (OFDM) (5),N/A,80 MHz,Not supported,6.0 Mbps,122,5180,-83 dBm,12 dB,0,505649973221
7a:4f:24:46:49:25,ff:ff:ff:ff:ff:ff,Type/Subtype: Beacon frame (0x0008),PHY type: 802.11a (OFDM) (5),N/A,80 MHz,Not supported,6.0 Mbps,122,5180,-83 dBm,12 dB,0,505649971266
e0:b6:68:16:82:38,ff:ff:ff:ff:ff:ff,Type/Subtype: Beacon frame (0x0008),PHY type: 802.11a (OFDM) (5),N/A,80 MHz,Not supported,6.0 Mbps,3,5180,-88 dBm,7 dB,0,1378416640097
66:97:41:89:7a:20,ff:ff:ff:ff:ff:ff,Type/Subtype: Beacon frame (0x0008),PHY type: 802.11a (OFDM) (5),N/A,80 MHz,Not supported,6.0 Mbps,DS Parameter set: Current Channel: 36,5180,-87 dBm,8 dB,0,886084837380
c0:9f:51:69:83:55,ff:ff:ff:ff:ff:ff,Type/Subtype: Beacon frame (0x0008),PHY type: 802.11a (OFDM) (5),N/A,80 MHz,Supported,6.0 Mbps,11,5180,-70 dBm,25 dB,0,1134668185660
0c:67:14:92:8c:44,ff:ff:ff:ff:ff:ff,Type/Subtype: Beacon frame (0x0008),PHY type: 802.11a (OFDM) (5),N/A,80 MHz,Supported,6.0 Mbps,11,5180,-49 dBm,46 dB,0,3142081536071
c4:e5:32:56:58:25,c4:e5:32:56:58:25,Type/Subtype: Action No Ack (0x000e),PHY type: 802.11ac (VHT) (8),0 (BPSK 1/2),40 MHz,False,13.5 Mbps,40 MHz (0x1),5180,-87 dBm,8 dB,0,3218961292
78:4f:24:76:49:25,ff:ff:ff:ff:ff:ff,Type/Subtype: Beacon frame (0x0008),PHY type: 802.11a (OFDM) (5),N/A,80 MHz,Not supported,6.0 Mbps,122,5180,-83 dBm,12 dB,0,505650073690
74:06:35:88:7b:24,ff:ff:ff:ff:ff:ff,Type/Subtype: Beacon frame (0x0008),PHY type: 802.11a (OFDM) (5),N/A,80 MHz,Supported,6.0 Mbps,11,5180,-91 dBm,4 dB,0,3142090342480
7a:4f:24:46:49:25,ff:ff:ff:ff:ff:ff,Type/Subtype: Beacon frame (0x0008),PHY type: 802.11a (OFDM) (5),N/A,80 MHz,Not supported,6.0 Mbps,122,5180,-83 dBm,12 dB,0,505650073678
e0:b6:68:16:82:38,ff:ff:ff:ff:ff:ff,Type/Subtype: Beacon frame (0x0008),PHY type: 802.11a (OFDM) (5),N/A,80 MHz,Not supported,6.0 Mbps,3,5180,-88 dBm,7 dB,0,1378416742497
66:97:41:89:7a:20,ff:ff:ff:ff:ff:ff,Type/Subtype: Beacon frame (0x0008),PHY type: 802.11a (OFDM) (5),N/A,80 MHz,Not supported,6.0 Mbps,DS Parameter set: Current Channel: 36,5180,-88 dBm,7 dB,0,886084940134
ca:84:cf:b5:66:00,ff:ff:ff:ff:ff:ff,Type/Subtype: Beacon frame (0x0008),PHY type: 802.11a (OFDM) (5),N/A,80 MHz,Supported,6.0 Mbps,11,5180,-91 dBm,4 dB,0,1173779660872
c0:9f:51:69:83:55,ff:ff:ff:ff:ff:ff,Type/Subtype: Beacon frame (0x0008),PHY type: 802.11a (OFDM) (5),N/A,80 MHz,Supported,6.0 Mbps,11,5180,-70 dBm,25 dB,0,1134668288061
0c:67:14:92:8c:44,ff:ff:ff:ff:ff:ff,Type/Subtype: Beacon frame (0x0008),PHY type: 802.11a (OFDM) (5),N/A,80 MHz,Supported,6.0 Mbps,11,5180,-49 dBm,46 dB,0,3142081638463
c4:e5:32:56:58:25,c4:e5:32:56:58:25,Type/Subtype: Action No Ack (0x000e),PHY type: 802.11ac (VHT) (8),0 (BPSK 1/2),40 MHz,False,13.5 Mbps,40 MHz (0x1),5180,-87 dBm,8 dB,0,3219061294
78:4f:24:76:49:25,ff:ff:ff:ff:ff:ff,Type/Subtype: Beacon frame (0x0008),PHY type: 802.11a (OFDM) (5),N/A,80 MHz,Not supported,6.0 Mbps,122,5180,-83 dBm,12 dB,0,505650176085
7a:4f:24:46:49:25,ff:ff:ff:ff:ff:ff,Type/Subtype: Beacon frame (0x0008),PHY type: 802.11a (OFDM) (5),N/A,80 MHz,Not supported,6.0 Mbps,122,5180,-83 dBm,12 dB,0,505650176095
e0:b6:68:16:82:38,ff:ff:ff:ff:ff:ff,Type/Subtype: Beacon frame (0x0008),PHY type: 802.11a (OFDM) (5),N/A,80 MHz,Not supported,6.0 Mbps,3,5180,-88 dBm,7 dB,0,1378416844881
N/A,a6:9e:ff:39:99:67,Type/Subtype: 802.11 Block Ack (0x0019),PHY type: 802.11a (OFDM) (5),N/A,N/A,False,24.0 Mbps,36,5180,-88 dBm,7 dB,0,3219123445
N/A,c4:e5:32:56:58:25,Type/Subtype: Request-to-send (0x001b),PHY type: 802.11a (OFDM) (5),N/A,N/A,False,6.0 Mbps,36,5180,-89 dBm,6 dB,0,3219125055
N/A,a6:9e:ff:39:99:67,Type/Subtype: Acknowledgement (0x001d),PHY type: 802.11a (OFDM) (5),N/A,N/A,False,6.0 Mbps,36,5180,-87 dBm,8 dB,0,3219126000
66:97:41:89:7a:20,ff:ff:ff:ff:ff:ff,Type/Subtype: Beacon frame (0x0008),PHY type: 802.11a (OFDM) (5),N/A,80 MHz,Not supported,6.0 Mbps,DS Parameter set: Current Channel: 36,5180,-87 dBm,8 dB,0,886085042186
ca:84:cf:b5:66:00,ff:ff:ff:ff:ff:ff,Type/Subtype: Beacon frame (0x0008),PHY type: 802.11a (OFDM) (5),N/A,80 MHz,Supported,6.0 Mbps,11,5180,-91 dBm,4 dB,0,1173779763236
c0:9f:51:69:83:55,ff:ff:ff:ff:ff:ff,Type/Subtype: Beacon frame (0x0008),PHY type: 802.11a (OFDM) (5),N/A,80 MHz,Supported,6.0 Mbps,11,5180,-71 dBm,24 dB,0,1134668390464
0c:67:14:92:8c:44,ff:ff:ff:ff:ff:ff,Type/Subtype: Beacon frame (0x0008),PHY type: 802.11a (OFDM) (5),N/A,80 MHz,Supported,6.0 Mbps,11,5180,-49 dBm,46 dB,0,3142081740859
c4:e5:32:56:58:25,c4:e5:32:56:58:25,Type/Subtype: Action No Ack (0x000e),PHY type: 802.11ac (VHT) (8),0 (BPSK 1/2),40 MHz,False,13.5 Mbps,40 MHz (0x1),5180,-87 dBm,8 dB,0,3219161540
78:4f:24:76:49:25,ff:ff:ff:ff:ff:ff,Type/Subtype: Beacon frame (0x0008),PHY type: 802.11a (OFDM) (5),N/A,80 MHz,Not supported,6.0 Mbps,122,5180,-83 dBm,12 dB,0,505650278482
74:06:35:88:7b:24,ff:ff:ff:ff:ff:ff,Type/Subtype: Beacon frame (0x0008),PHY type: 802.11a (OFDM) (5),N/A,80 MHz,Supported,6.0 Mbps,11,5180,-91 dBm,4 dB,0,3142090547283
7a:4f:24:46:49:25,ff:ff:ff:ff:ff:ff,Type/Subtype: Beacon frame (0x0008),PHY type: 802.11a (OFDM) (5),N/A,80 MHz,Not supported,6.0 Mbps,122,5180,-83 dBm,12 dB,0,505650278465
e0:b6:68:16:82:38,ff:ff:ff:ff:ff:ff,Type/Subtype: Beacon frame (0x0008),PHY type: 802.11a (OFDM) (5),N/A,80 MHz,Not supported,6.0 Mbps,3,5180,-88 dBm,7 dB,0,1378416947298
66:97:41:89:7a:20,ff:ff:ff:ff:ff:ff,Type/Subtype: Beacon frame (0x0008),PHY type: 802.11a (OFDM) (5),N/A,80 MHz,Not supported,6.0 Mbps,DS Parameter set: Current Channel: 36,5180,-87 dBm,8 dB,0,886085144588
ca:84:cf:b5:66:00,ff:ff:ff:ff:ff:ff,Type/Subtype: Beacon frame (0x0008),PHY type: 802.11a (OFDM) (5),N/A,80 MHz,Supported,6.0 Mbps,11,5180,-91 dBm,4 dB,0,1173779865672
c0:9f:51:69:83:55,ff:ff:ff:ff:ff:ff,Type/Subtype: Beacon frame (0x0008),PHY type: 802.11a (OFDM) (5),N/A,80 MHz,Supported,6.0 Mbps,11,5180,-71 dBm,24 dB,0,1134668492869
c4:e5:32:56:58:25,c4:e5:32:56:58:25,Type/Subtype: Action No Ack (0x000e),PHY type: 802.11ac (VHT) (8),0 (BPSK 1/2),40 MHz,False,13.5 Mbps,40 MHz (0x1),5180,-87 dBm,8 dB,0,3219261326
0c:67:14:92:8c:44,ff:ff:ff:ff:ff:ff,Type/Subtype: Beacon frame (0x0008),PHY type: 802.11a (OFDM) (5),N/A,80 MHz,Supported,6.0 Mbps,11,5180,-49 dBm,46 dB,0,3142081847521
78:4f:24:76:49:25,ff:ff:ff:ff:ff:ff,Type/Subtype: Beacon frame (0x0008),PHY type: 802.11a (OFDM) (5),N/A,80 MHz,Not supported,6.0 Mbps,122,5180,-84 dBm,11 dB,0,505650380889
7a:4f:24:46:49:25,ff:ff:ff:ff:ff:ff,Type/Subtype: Beacon frame (0x0008),PHY type: 802.11a (OFDM) (5),N/A,80 MHz,Not supported,6.0 Mbps,122,5180,-84 dBm,11 dB,0,505650380866
e0:b6:68:16:82:38,ff:ff:ff:ff:ff:ff,Type/Subtype: Beacon frame (0x0008),PHY type: 802.11a (OFDM) (5),N/A,80 MHz,Not supported,6.0 Mbps,3,5180,-88 dBm,7 dB,0,1378417049691
N/A,a6:9e:ff:39:99:67,Type/Subtype: Acknowledgement (0x001d),PHY type: 802.11a (OFDM) (5),N/A,N/A,False,6.0 Mbps,36,5180,-87 dBm,8 dB,0,3219328420
66:97:41:89:7a:20,ff:ff:ff:ff:ff:ff,Type/Subtype: Beacon frame (0x0008),PHY type: 802.11a (OFDM) (5),N/A,80 MHz,Not supported,6.0 Mbps,DS Parameter set: Current Channel: 36,5180,-87 dBm,8 dB,0,886085246980
